"country","1995","1996","1997","1998","1999","2000","2001","2002","2003","2004","2005","2006","2007","2008","2009","2010","2011","2012","2013","2014","2015","2016","2017","2018"
"Aruba",NA,NA,NA,NA,11.6,13.1,12.2,13.8,NA,11.4,12.2,NA,NA,NA,NA,NA,NA,18.4,17.4,17.1,NA,NA,NA,NA
"Afghanistan",NA,NA,NA,NA,NA,NA,NA,NA,NA,NA,NA,NA,NA,NA,NA,12,12.2,8.32,11.2,11.7,10.2,10.3,10.3,NA
"Albania",NA,NA,NA,NA,NA,NA,NA,NA,NA,NA,NA,NA,NA,NA,NA,NA,NA,NA,NA,NA,29.8,NA,34.2,NA
"Andorra",NA,NA,NA,NA,NA,NA,NA,7.78,NA,7.97,7.44,9.73,9.92,NA,15.7,17.1,17.8,NA,15.6,13,13.5,12.7,12.7,12.3
"UAE",NA,NA,NA,6.04,NA,NA,NA,NA,NA,NA,NA,NA,NA,NA,NA,NA,NA,NA,NA,NA,NA,NA,NA,NA
"Argentina",NA,NA,NA,11,12.4,12.3,13.8,10.8,10.5,10,10.5,11.5,12.7,13.7,14.8,13.7,14.2,14.6,14.4,14.4,15.6,15.2,15,NA
"Armenia",NA,NA,NA,NA,NA,NA,NA,NA,NA,NA,NA,NA,NA,NA,NA,NA,NA,10.8,11,NA,11,11.3,10.2,NA
"Antigua and Barbuda",NA,NA,NA,NA,NA,NA,NA,NA,NA,NA,NA,NA,NA,NA,8.06,NA,NA,NA,NA,NA,NA,NA,NA,NA
"Australia",15.7,NA,NA,NA,NA,16.7,NA,NA,NA,NA,17.9,17.7,17.3,17.7,19.9,22.3,20,18.1,18.7,18.2,18.8,19.3,NA,NA
"Austria",NA,NA,NA,24.5,24.4,22.5,22.4,22.9,22.6,22,22.6,22.6,22.2,23.2,25.1,24.9,24.6,21.3,22.9,22.6,23.2,23.5,NA,NA
"Burundi",NA,NA,NA,NA,12,9.05,10.1,10.6,NA,14,13.3,NA,NA,13.6,15.9,14.4,14.5,12.7,12.9,NA,NA,NA,NA,NA
"Belgium",NA,NA,NA,NA,NA,NA,NA,NA,NA,NA,NA,NA,NA,NA,NA,NA,NA,NA,22.6,22.2,22,21.9,NA,NA
"Benin",NA,NA,NA,NA,NA,10.9,12,10.1,10,10.5,10.1,11.3,NA,11.6,12.6,13.7,NA,12.2,11,10.2,10.3,NA,NA,NA
"Burkina Faso",NA,NA,NA,NA,NA,NA,NA,NA,NA,NA,33.3,29.8,28.1,NA,NA,18.1,20.5,17.4,19,20.2,16.1,NA,NA,NA
"Bangladesh",NA,NA,NA,NA,NA,NA,NA,NA,NA,NA,NA,7.58,8.8,8.3,7.57,NA,NA,NA,NA,NA,NA,NA,NA,NA
"Bulgaria",NA,NA,NA,12.3,NA,NA,15.2,15.4,18,11.2,22.2,21.6,20.6,22.8,22.7,21.5,19,18.9,23,NA,NA,NA,NA,NA
"Bahrain",NA,NA,NA,NA,NA,NA,NA,NA,NA,NA,NA,NA,NA,NA,NA,NA,NA,NA,10.5,10.3,11.2,NA,NA,NA
"Belize",NA,NA,NA,NA,16.9,16.2,NA,NA,NA,12.4,13.7,14.1,NA,15.5,16.1,18.2,NA,15,16.1,16.3,15.1,16.2,16.6,NA
"Bermuda",NA,NA,NA,NA,NA,NA,NA,NA,NA,9.41,10.9,NA,NA,NA,NA,12,NA,NA,NA,8.46,8.05,NA,NA,NA
"Brazil",NA,NA,NA,NA,10.6,10.5,10.4,9.8,NA,12.7,15.2,NA,16.9,18.1,19.7,20.5,20.1,19.5,19.7,19.5,20.1,NA,NA,NA
"Barbados",NA,NA,NA,NA,10.6,14.1,19.5,17.8,19.5,19.8,19.2,NA,NA,22.1,NA,NA,NA,NA,NA,NA,NA,20.8,NA,NA
"Brunei",NA,NA,NA,NA,NA,NA,NA,NA,NA,NA,NA,NA,NA,NA,NA,5.02,NA,NA,NA,NA,NA,8.87,NA,NA
"Bhutan",NA,NA,NA,NA,NA,NA,NA,NA,NA,8.3,10.4,NA,NA,7.14,8.73,7.51,9.11,NA,7.74,12.8,NA,NA,NA,NA
"Botswana",NA,NA,NA,NA,NA,NA,NA,NA,NA,NA,17.2,NA,13.5,NA,10.1,NA,NA,NA,NA,NA,NA,NA,NA,NA
"Central African Republic",NA,NA,NA,NA,NA,NA,NA,NA,NA,NA,NA,7.3,5.34,NA,4.34,4.1,NA,NA,NA,NA,NA,NA,NA,NA
"Canada",NA,NA,NA,NA,NA,NA,NA,NA,NA,NA,NA,NA,NA,NA,NA,NA,NA,NA,NA,NA,17.6,NA,NA,NA
"Switzerland",NA,NA,NA,21.6,21,20,21,22.4,22.7,22.7,21.9,21,20.4,18.6,21.8,21.9,23.3,27,26.9,26.4,24.6,24.8,NA,NA
"Chile",NA,NA,13.4,11.7,NA,13.9,NA,15.3,14.6,12.2,11.5,10.5,11.2,13.9,16.1,14.6,15,16.8,15.8,14.2,15.2,18.3,18.4,NA
"China",NA,NA,NA,5.9,NA,NA,NA,NA,NA,NA,NA,NA,NA,NA,NA,NA,NA,NA,NA,NA,NA,NA,NA,NA
"Cote d'Ivoire",NA,NA,15.4,14.1,14.3,13,12.8,NA,NA,NA,NA,16.3,16.5,15.6,15.5,NA,12.5,13.6,13.6,12.8,13.8,15.8,13.2,13.3
"Cameroon",NA,NA,NA,NA,NA,NA,NA,NA,NA,NA,6.03,6.44,6.83,5.11,6.28,5.93,5.28,5.45,NA,NA,NA,NA,NA,NA
"Congo, Dem. Rep.",NA,NA,NA,NA,NA,NA,NA,NA,NA,NA,NA,NA,NA,NA,NA,3.1,NA,NA,7.19,NA,NA,NA,NA,NA
"Congo, Rep.",NA,NA,NA,NA,NA,NA,NA,7.15,NA,NA,3.03,NA,NA,NA,NA,11.7,NA,NA,NA,NA,NA,NA,NA,NA
"Colombia",NA,NA,NA,13.2,15.2,11.9,13,NA,NA,15.8,15.4,NA,12.4,12.3,15.5,15.5,14.8,14.9,16.6,17,17.4,17.4,17.8,17
"Comoros",NA,NA,NA,5.49,NA,NA,NA,5.58,NA,NA,NA,NA,NA,16.1,NA,NA,9.63,NA,8.11,9.76,NA,NA,NA,NA
"Cape Verde",NA,NA,NA,NA,NA,NA,NA,17,NA,NA,19.1,18.3,13.4,12.6,15.5,NA,15.7,NA,14.5,16.5,16.6,17.1,16.7,NA
"Costa Rica",NA,NA,NA,NA,17.5,15.7,15.1,16.5,NA,16.9,NA,14.5,14.9,16.2,21.2,24.4,23.2,24.8,24.8,25.1,26.7,24.9,22.3,20.8
"Cuba",NA,NA,NA,22.2,25,28.3,28.9,37.3,NA,40.5,40.3,33.6,45.6,46.2,43.2,49.1,NA,NA,NA,NA,NA,NA,NA,NA
"Cayman Islands",NA,NA,NA,NA,NA,NA,NA,NA,NA,NA,17.1,17.1,NA,NA,NA,NA,NA,NA,NA,NA,NA,NA,NA,NA
"Cyprus",NA,NA,NA,NA,15.9,14.9,17.6,18.4,21.3,19.8,20.7,22.1,23.5,25.9,28.9,30.9,32.2,NA,31.5,32.1,32.2,31.9,NA,NA
"Czech Republic",NA,NA,NA,9.66,10.4,10.6,10.2,10.8,11.7,11.6,11.5,12.4,11.9,12.4,15.1,14.9,15.4,15.7,15.3,15.1,14.9,13.9,NA,NA
"Germany",NA,NA,NA,16.5,NA,NA,NA,NA,NA,NA,NA,15.6,15.1,15.1,17.2,17.7,17.1,17.3,17.6,17.7,17.5,17.4,NA,NA
"Djibouti",NA,NA,NA,41.8,NA,NA,NA,NA,NA,NA,NA,21.5,22.7,23.1,NA,NA,NA,NA,NA,NA,NA,37.3,NA,NA
"Dominica",NA,NA,NA,NA,NA,NA,NA,NA,NA,NA,NA,NA,13.7,17.4,13.6,15.1,14.9,13.5,NA,NA,14.6,NA,NA,NA
"Denmark",NA,NA,NA,26.3,24.1,23.6,24.8,24,NA,24.2,24.6,23.9,23.8,24.1,28,27.9,21.7,25.6,25.4,25.1,NA,NA,NA,NA
"Dominican Republic",NA,NA,NA,NA,NA,NA,NA,7.49,NA,4.34,6.43,NA,8.28,6.72,6.73,7.05,6.87,8.65,14.4,14.8,14.9,15.8,14.6,16.2
"Algeria",NA,NA,NA,NA,12.2,9.9,NA,11,11.5,NA,NA,NA,NA,NA,NA,NA,NA,NA,NA,NA,NA,NA,NA,NA
"Ecuador",NA,NA,NA,NA,3.82,2.86,NA,NA,NA,NA,NA,NA,NA,NA,11.1,10.4,11.1,10.7,11.8,10.3,9.43,9.51,NA,NA
"Egypt",NA,NA,NA,NA,NA,NA,NA,NA,NA,NA,NA,NA,NA,NA,NA,NA,NA,NA,NA,NA,NA,NA,9.85,NA
"Eritrea",NA,NA,NA,NA,NA,NA,8.54,6.89,NA,5.27,NA,NA,NA,NA,NA,NA,NA,NA,NA,NA,NA,NA,NA,NA
"Spain",NA,NA,NA,17,17.7,17.2,17.5,17.8,18.2,18.5,18.7,19,19,20,21.3,21.1,21,18.3,17.6,17.3,17.3,17.1,NA,NA
"Estonia",NA,NA,18.1,17.2,21,NA,18.2,19.5,19.1,18.7,19.4,NA,19.2,25.2,27.1,24.8,22.3,22.5,25.9,22.4,20,20.3,NA,NA
"Ethiopia",NA,NA,18.8,NA,NA,NA,NA,NA,NA,NA,NA,NA,NA,NA,9.17,7.98,8.92,8.45,NA,8.5,7.88,NA,NA,NA
"Finland",NA,NA,NA,NA,16.8,16.3,16.7,17.2,17.7,17.8,17.2,17.3,16.8,17.7,19.5,20.1,20.2,20.6,20.7,21.1,22,21.5,NA,NA
"Fiji",NA,NA,NA,NA,NA,NA,NA,NA,NA,17.4,NA,NA,NA,NA,NA,NA,15.8,NA,12.4,NA,NA,NA,NA,NA
"France",NA,NA,NA,NA,17.5,17.5,NA,NA,17.7,18,17.5,17.2,17.8,17.5,18,18.2,17.9,17.5,17.7,17.7,17.5,17.4,NA,NA
"Gabon",NA,NA,NA,NA,NA,NA,NA,NA,NA,NA,NA,NA,NA,NA,NA,NA,4.72,NA,NA,NA,NA,NA,NA,NA
"UK",NA,NA,NA,12.5,12.3,12.7,13.3,14.4,16.3,15.9,17,19.7,20.9,21.3,22.2,24.3,24.7,NA,23.1,23.6,25,24.2,NA,NA
"Georgia",NA,NA,NA,NA,NA,NA,NA,NA,NA,NA,NA,NA,NA,13,NA,NA,11.1,8.84,NA,NA,NA,NA,NA,NA
"Ghana",NA,NA,NA,NA,NA,NA,18,NA,NA,23.8,21.8,13.9,12.9,12.9,11.6,NA,24.4,17.2,7.28,6.44,NA,NA,NA,NA
"Guinea",NA,NA,NA,NA,NA,NA,NA,NA,NA,NA,NA,NA,NA,4.6,6.6,6.96,5.45,5.32,6.91,6.08,NA,6.81,NA,NA
"Gambia",NA,NA,NA,NA,NA,NA,5.01,6.27,5.48,4.63,5.26,5.88,6.15,16.5,14.4,21.3,20.3,19.2,7.27,8.85,8.47,NA,NA,NA
"Guinea-Bissau",NA,NA,NA,NA,NA,NA,NA,NA,NA,NA,NA,NA,NA,NA,NA,4.75,NA,NA,NA,NA,NA,NA,NA,NA
"Greece",NA,NA,NA,NA,NA,NA,NA,NA,NA,NA,NA,NA,NA,NA,NA,NA,NA,NA,NA,NA,20.2,20.3,NA,NA
"Grenada",NA,NA,NA,NA,NA,NA,NA,NA,8.92,NA,NA,NA,NA,NA,NA,NA,NA,NA,NA,NA,NA,NA,8.18,NA
"Guatemala",NA,NA,NA,NA,NA,6.9,8.69,7.64,NA,5.57,5.95,11.2,10.5,10.7,NA,8.59,9.31,9.82,9.35,9.52,10.1,11.1,11.4,11.9
"Guyana",NA,NA,NA,NA,NA,NA,NA,NA,18.1,NA,NA,NA,8.7,NA,8.02,7.98,7.81,7.77,NA,NA,NA,NA,NA,NA
"Hong Kong, China",NA,NA,NA,NA,NA,NA,12.2,12.6,13.9,14.9,14.4,13.5,12.3,12.4,13.5,14.7,14.7,14.2,14.7,14.9,14.9,15,14.9,14.8
"Honduras",NA,NA,NA,NA,NA,NA,NA,NA,NA,NA,NA,NA,NA,NA,NA,19.9,NA,NA,21.4,NA,NA,NA,NA,NA
"Hungary",NA,NA,NA,17.7,17.6,18.9,19.5,19.9,21.4,22.9,25.1,25.1,24.7,21.4,21.6,21.9,19.1,18.7,22,14.5,18.7,19.1,NA,NA
"Indonesia",NA,NA,NA,NA,NA,NA,NA,NA,NA,NA,NA,NA,11.5,11.4,13.5,9.96,NA,11.5,11.9,12.3,13.3,NA,NA,NA
"India",NA,NA,NA,NA,12.2,14.8,13.7,NA,11.4,NA,NA,NA,NA,NA,7.59,7.49,9.03,9.41,9.79,NA,NA,NA,NA,NA
"Ireland",NA,NA,NA,11.2,10.8,10.8,11.4,11.8,12.8,13.6,13.9,14.3,15.3,18,19.9,19.2,18.7,18.5,16.7,15.3,11.8,11.8,NA,NA
"Iran",NA,NA,NA,NA,NA,NA,8.65,10.3,10.1,10.2,10.1,14.1,16,13.6,12.4,11.9,12.3,10.5,7.73,7.74,7.55,9.52,11.1,NA
"Iceland",NA,NA,NA,NA,21.4,21.5,20.8,24.2,23.3,23.4,24.8,25.3,24.8,25.2,25,24.3,24.9,23.4,23.3,24.1,22.8,22.1,NA,NA
"Israel",NA,NA,NA,NA,21.2,20.2,21.9,22.5,21.7,20.9,20.8,20.6,19.8,19.9,20,21.5,22.4,20.7,20.9,20.7,21.3,21.5,NA,NA
"Italy",NA,NA,NA,22.2,23.1,22.3,22.8,23.5,24.1,23.6,21.8,23.7,21.4,23.1,23.9,22.8,21.5,20.4,21.4,21.2,21.7,19.5,NA,NA
"Jamaica",NA,NA,NA,NA,NA,NA,NA,NA,12.8,10.4,13.2,NA,18,16.4,18.3,22,21.6,22.7,23.2,23.5,22.2,21.8,23.4,21.7
"Jordan",NA,NA,NA,14.4,14.7,NA,NA,15.2,16.6,15.3,16.4,13.9,13.9,13.8,NA,NA,15.1,NA,NA,NA,NA,14.9,13.5,13.3
"Japan",NA,NA,NA,NA,NA,NA,NA,NA,NA,NA,NA,NA,NA,NA,NA,NA,NA,NA,23,22.5,NA,21.8,NA,NA
"Kazakhstan",NA,NA,NA,NA,NA,NA,NA,NA,NA,NA,NA,NA,NA,NA,NA,NA,NA,NA,NA,NA,NA,NA,0.265,0.235
"Kenya",NA,NA,NA,NA,NA,21.8,21.4,NA,23.7,24.7,NA,22.9,NA,NA,NA,NA,NA,10.1,NA,10.6,11,NA,NA,NA
"Cambodia",NA,NA,NA,5.04,NA,5.61,6.54,5.12,NA,NA,NA,NA,NA,NA,5.23,4.83,4.88,5.18,6.88,6.64,NA,NA,NA,NA
"Kiribati",NA,NA,NA,NA,27.1,25.3,22.5,NA,NA,NA,NA,NA,NA,NA,NA,NA,NA,NA,NA,NA,NA,NA,NA,NA
"St. Kitts and Nevis",NA,NA,NA,13.4,NA,NA,NA,NA,NA,NA,NA,NA,NA,NA,NA,NA,NA,NA,NA,NA,5.22,NA,NA,NA
"South Korea",NA,NA,NA,16.4,16.9,NA,NA,NA,NA,NA,NA,NA,NA,NA,NA,NA,NA,NA,NA,NA,NA,27.8,NA,NA
"Kuwait",NA,NA,43.4,NA,NA,NA,17.9,17.4,16.9,14.2,10.2,8.57,NA,10.2,NA,NA,17.4,NA,NA,14.4,NA,NA,NA,NA
"Lao",NA,NA,5.75,NA,NA,NA,NA,8.19,NA,NA,9.75,NA,NA,NA,4.36,5.42,4.33,5.78,9.96,9.1,NA,NA,NA,NA
"Liberia",NA,NA,NA,NA,NA,NA,NA,NA,NA,NA,NA,NA,NA,NA,NA,NA,NA,NA,NA,NA,3.94,14.5,NA,NA
"St. Lucia",NA,NA,NA,NA,22.5,NA,NA,NA,12.2,12.3,NA,NA,NA,NA,12.4,14.3,14.9,13.9,15.9,15.9,15.9,16.5,15.9,14.7
"Liechtenstein",NA,NA,NA,NA,NA,NA,NA,NA,11.1,10.7,NA,9.92,9.22,10.5,NA,20.9,17.8,NA,NA,NA,NA,NA,NA,NA
"Sri Lanka",NA,NA,NA,NA,NA,NA,NA,NA,NA,NA,NA,NA,NA,NA,7.23,5.07,5.15,4.17,4.34,6.48,7.44,14.4,11.4,7.92
"Lesotho",NA,NA,21.8,NA,33.5,27.2,24.7,NA,NA,NA,24.4,21.4,NA,21.6,NA,NA,NA,NA,NA,NA,NA,NA,NA,20.7
"Lithuania",NA,NA,NA,NA,NA,NA,NA,NA,14.1,14.7,15.3,15.8,14.9,17,17.7,22.4,20.4,19.7,19.2,18.5,18.6,19.5,NA,NA
"Luxembourg",NA,NA,NA,NA,NA,NA,NA,NA,NA,NA,NA,NA,NA,15.3,NA,24.3,24.6,21,19.6,19.5,19.7,NA,NA,NA
"Latvia",NA,NA,NA,17.9,18.9,19.4,19.5,21.3,19.3,19.4,NA,33.6,21,26.8,29.5,26.7,24.7,33.1,36.9,27.3,26.8,24.5,NA,NA
"Macao, China",NA,NA,NA,NA,NA,7.5,NA,6.38,7.62,NA,NA,NA,NA,NA,NA,NA,NA,NA,NA,NA,NA,NA,NA,NA
"Morocco",NA,NA,NA,18.1,16.6,17.3,16.1,16.3,15.9,16,19.5,16.7,13.9,15.7,16.7,17.9,18,18.9,19.5,NA,NA,NA,NA,NA
"Monaco",NA,NA,3.03,3.29,3.24,3.17,NA,NA,NA,3.5,NA,NA,NA,NA,3.91,3.93,3.87,3.77,3.69,3.48,NA,3.31,NA,NA
"Moldova",NA,NA,NA,NA,NA,NA,NA,NA,NA,NA,NA,NA,31.6,33.6,41.7,34.5,34.6,32.9,NA,36.5,34.8,32.5,32.5,32.5
"Madagascar",NA,NA,NA,5.9,NA,NA,NA,NA,NA,NA,11.2,9.83,9.34,7.76,7.9,NA,6.61,6.57,NA,NA,NA,NA,NA,NA
"Maldives",NA,NA,NA,NA,NA,NA,NA,NA,13.2,12.4,15,14,NA,16.4,19.8,15.2,14.6,15.5,16.2,15.2,18.7,16.1,NA,NA
"Mexico",NA,NA,NA,7.81,9.46,10.8,11.4,12,13.8,13.4,13.7,13.4,13.4,13.5,14.2,14.2,14,13.9,14.3,14.3,14.4,13.8,NA,NA
"Marshall Islands",NA,NA,NA,NA,NA,NA,NA,23.6,NA,NA,NA,NA,NA,NA,NA,NA,NA,NA,NA,NA,NA,NA,NA,NA
"Mali",NA,NA,NA,14.2,11.1,NA,NA,NA,NA,NA,NA,NA,NA,10.3,12.9,6.3,10.6,10.1,10.3,12.2,13.4,9.34,12.3,NA
"Malta",NA,NA,NA,11,NA,NA,NA,12,NA,12.2,NA,NA,19.1,19.7,19,23.2,19.9,26.4,28.5,27.1,22.8,NA,NA,NA
"Myanmar",NA,NA,NA,NA,NA,NA,NA,NA,NA,NA,NA,NA,NA,NA,NA,NA,NA,NA,NA,NA,NA,NA,7.67,7.81
"Mongolia",NA,NA,NA,NA,NA,NA,NA,NA,NA,11.5,NA,NA,13.6,NA,14.9,12.4,15.7,10.5,13.1,14.1,13.2,16.6,14.1,NA
"Mozambique",NA,NA,NA,NA,NA,NA,NA,NA,NA,NA,NA,12.5,NA,NA,NA,NA,NA,14.6,14.7,NA,NA,NA,NA,NA
"Mauritania",NA,NA,10.1,NA,9.81,NA,NA,NA,NA,NA,8.37,NA,NA,10.5,NA,11.3,9.24,8.78,8.52,NA,9.6,10.2,NA,NA
"Mauritius",NA,NA,NA,NA,NA,NA,9.15,8.44,12.9,12.4,10.9,9.82,NA,9.06,8.51,10.2,9.74,9.98,11.5,13.3,12.5,14.1,15.7,15.6
"Malawi",NA,NA,NA,NA,13.3,11.2,7.99,NA,NA,NA,NA,NA,NA,NA,NA,5.09,5.87,NA,7.75,9.26,9.55,8.16,NA,NA
"Malaysia",NA,NA,NA,NA,NA,12.4,16.3,19.2,17.8,14,NA,10.1,10.8,13.1,14.2,12.4,14.9,17.3,16,15.8,16.1,16.1,16.1,NA
"Namibia",NA,NA,NA,NA,18.9,18.9,19.1,19,18.1,NA,13.2,18,NA,15.1,NA,17.1,NA,NA,NA,NA,NA,NA,NA,NA
"Niger",NA,NA,NA,NA,NA,NA,NA,NA,25.7,NA,NA,29.1,33.5,28,29.4,21.7,21.2,19.5,22.4,29.7,22.5,16.5,13.3,NA
"Nicaragua",NA,NA,NA,NA,NA,NA,NA,NA,NA,6.82,7.66,7.69,NA,NA,NA,11.3,NA,NA,NA,NA,NA,NA,NA,NA
"Netherlands",NA,NA,NA,14.1,NA,NA,NA,NA,NA,NA,NA,NA,NA,NA,NA,NA,NA,NA,NA,NA,16.8,16.7,NA,NA
"Cura�ao",NA,NA,NA,NA,NA,NA,NA,NA,NA,NA,NA,NA,NA,NA,NA,NA,NA,NA,10,NA,NA,NA,NA,NA
"Norway",NA,NA,37.9,21.4,NA,NA,NA,20,20.8,19.6,18.5,17.8,17.9,17.6,20.9,20.7,19.6,19.3,19.9,19.9,21.5,21.7,NA,NA
"Nepal",NA,NA,NA,NA,8.98,10.2,13.6,11.8,11.1,NA,NA,NA,NA,14.2,16.4,11.1,11.4,11.5,11.2,13.1,12.4,NA,NA,NA
"New Zealand",NA,NA,17.4,NA,NA,NA,NA,NA,NA,NA,NA,NA,NA,NA,NA,NA,NA,NA,19.4,18.2,18.3,20.3,NA,NA
"Oman",NA,NA,9.91,11.5,10.7,NA,11,14.9,NA,NA,14.3,NA,NA,NA,13.1,NA,15.6,NA,NA,NA,NA,31.8,NA,NA
"Pakistan",NA,NA,NA,NA,NA,NA,NA,NA,NA,NA,NA,NA,NA,NA,NA,NA,NA,NA,8.41,8.53,8.1,NA,NA,NA
"Panama",NA,NA,NA,NA,13.3,13.6,10.4,10.1,NA,9.4,NA,NA,11.9,NA,NA,NA,6.25,NA,NA,NA,NA,NA,NA,NA
"Peru",NA,NA,NA,7.88,8.53,8.24,7.35,6.61,6.88,7.36,6.91,7.49,7.63,8.6,9.64,8.82,8.24,9.08,11,12.2,12.6,11.5,11.7,11.2
"Philippines",NA,NA,12.5,NA,NA,12.1,11.4,10.8,11.5,9.03,8.37,NA,8.73,9.06,NA,NA,NA,NA,NA,NA,NA,NA,NA,NA
"Poland",NA,NA,NA,NA,NA,NA,NA,22.4,22.8,22.6,23.5,24.8,24.1,25.1,25.8,26.8,25.7,25.8,26.4,26,23.8,23.1,NA,NA
"Puerto Rico",NA,NA,NA,NA,NA,NA,NA,NA,NA,NA,NA,NA,NA,NA,NA,NA,NA,NA,19.3,18.5,NA,NA,NA,NA
"Portugal",NA,NA,NA,NA,18.7,19.6,20.9,22,21.8,21.8,21.7,20.8,19.2,19,21.4,21,20.8,20.9,23.9,23.8,22.5,NA,NA,NA
"Paraguay",NA,NA,NA,NA,NA,10.8,10.2,9.18,9.46,8.24,NA,NA,7.2,NA,NA,7.95,8.63,10.7,NA,NA,NA,11.7,NA,NA
"Qatar",NA,NA,NA,NA,NA,NA,NA,NA,NA,NA,NA,NA,NA,NA,10.2,NA,NA,NA,NA,NA,NA,NA,NA,NA
"Romania",NA,NA,NA,NA,NA,NA,NA,NA,12.3,9.87,10.6,36.2,18.8,18.4,17.5,13.8,11.8,11.1,10.6,9.01,8.65,7.83,NA,NA
"Rwanda",NA,NA,NA,NA,NA,10.5,NA,NA,NA,NA,8.1,NA,8.49,7.39,NA,7.64,6.34,7.23,6.54,NA,5.54,5.47,NA,4.26
"Saudi Arabia",NA,NA,NA,NA,NA,NA,NA,NA,NA,NA,NA,NA,17.7,NA,NA,NA,NA,NA,NA,NA,NA,NA,NA,NA
"Senegal",NA,NA,NA,9.18,NA,NA,NA,NA,NA,NA,13,13.2,NA,13.3,17.3,16.8,14.6,14.5,15.1,14.7,13.7,11.8,NA,10.9
"Singapore",NA,NA,NA,NA,NA,NA,NA,NA,NA,NA,NA,NA,NA,9.47,10.5,10.9,NA,NA,NA,NA,NA,NA,17.5,NA
"Sierra Leone",NA,NA,NA,NA,NA,NA,NA,NA,NA,NA,NA,NA,NA,NA,NA,NA,7.71,7.63,6.14,NA,NA,5.66,4.76,12.4
"El Salvador",NA,NA,NA,9.29,9.34,9.41,NA,11.5,10.6,NA,9.38,9.93,9.51,10.5,NA,11.4,NA,11.5,12.5,13.2,13.6,16.2,16,16.1
"San Marino",NA,NA,NA,NA,NA,NA,NA,NA,NA,NA,NA,NA,NA,NA,NA,14.5,16.1,NA,NA,NA,NA,NA,NA,NA
"Serbia",NA,NA,NA,NA,NA,NA,NA,NA,NA,NA,NA,NA,50.2,53.2,54.8,51.1,48.1,NA,NA,NA,43.7,NA,NA,NA
"South Sudan",NA,NA,NA,NA,NA,NA,NA,NA,NA,NA,NA,NA,NA,NA,NA,NA,3.41,NA,NA,NA,NA,4.58,NA,NA
"Sao Tome and Principe",NA,NA,NA,NA,NA,NA,NA,NA,NA,NA,NA,NA,NA,NA,NA,NA,NA,18.2,17.5,11.9,NA,NA,NA,NA
"Slovak Republic",NA,NA,24.4,NA,10,10.5,10.5,11,12.5,11.6,14.3,14.9,15.2,15.2,18.3,21.6,19.5,18.5,20,19.9,21.7,20.8,NA,NA
"Slovenia",NA,NA,NA,NA,NA,NA,25.7,27.4,28.4,NA,NA,NA,NA,NA,NA,30.4,30,29.9,28.4,27.3,24.6,23.6,NA,NA
"Sweden",NA,NA,NA,22.4,21.3,21.7,20.6,22.2,21.8,23.5,23.6,23.1,23.7,24.8,26.7,26.2,25.7,22,22.2,21.9,21.3,21.7,NA,NA
"Eswatini",NA,NA,NA,NA,7.92,9.09,7.3,7.99,9,9.98,12.1,11.9,NA,9.98,NA,13.2,14.7,NA,NA,16.5,NA,NA,NA,NA
"Seychelles",NA,NA,NA,8.61,NA,NA,NA,14.5,15.4,NA,NA,NA,NA,NA,NA,NA,8.69,10.3,12.9,15.8,NA,14.2,NA,NA
"Syria",NA,NA,8.94,9.86,11.1,12.6,NA,13.2,NA,NA,NA,NA,17.9,NA,17.7,NA,NA,16.9,NA,NA,NA,NA,NA,NA
"Turks and Caicos Islands",NA,NA,NA,NA,NA,16.2,16.5,11.6,14.1,NA,9.68,NA,NA,NA,NA,NA,NA,NA,NA,NA,15.6,NA,NA,5.7
"Chad",NA,NA,16.3,9.37,NA,NA,NA,NA,NA,5.55,6.21,NA,NA,NA,9.47,7.08,5.89,6.3,NA,NA,NA,NA,NA,NA
"Togo",NA,NA,NA,9.28,7.95,10.3,9.97,9.32,8.92,7.39,7.43,6.33,8.29,8.33,9.91,10.6,10.7,14.9,12.8,14.2,16.1,16.2,NA,NA
"Thailand",NA,NA,14.3,12.7,NA,17.5,16.3,NA,NA,13.4,NA,NA,NA,18.9,22.2,18.4,32.4,27.5,23.3,NA,NA,NA,NA,NA
"Timor-Leste",NA,NA,NA,NA,NA,NA,NA,NA,NA,NA,NA,NA,NA,NA,NA,NA,6.27,3.78,4.25,8.34,NA,NA,NA,NA
"Tonga",NA,NA,NA,9.24,NA,NA,NA,10.8,9.09,9.67,NA,NA,NA,NA,NA,NA,NA,NA,NA,NA,NA,NA,NA,NA
"Trinidad and Tobago",NA,NA,NA,NA,NA,10.4,11.4,15.4,11.2,NA,NA,NA,8.57,10.4,15.1,NA,NA,NA,NA,NA,NA,NA,NA,NA
"Tunisia",NA,NA,14.9,NA,14.4,14.2,14.7,14.2,18.6,19.3,18.9,NA,NA,17.4,NA,NA,NA,NA,NA,NA,NA,NA,NA,NA
"Turkey",NA,NA,NA,NA,NA,NA,NA,NA,NA,NA,NA,NA,NA,NA,NA,NA,NA,13.3,13.2,14.6,14.4,13,NA,NA
"Tanzania",NA,NA,NA,NA,NA,NA,NA,NA,NA,11,9.57,7.44,9.16,8.71,7.99,NA,NA,NA,NA,9.52,NA,NA,NA,NA
"Uganda",NA,NA,NA,NA,NA,NA,NA,NA,NA,10.3,NA,NA,NA,NA,NA,4.24,6.92,5.79,5.16,5.62,NA,NA,NA,NA
"Ukraine",NA,NA,65.1,NA,NA,NA,NA,NA,NA,NA,NA,NA,NA,NA,NA,NA,28.1,32.4,32.3,27,NA,26.3,30.3,NA
"Uruguay",NA,NA,NA,NA,7.15,7.26,9.63,6.98,5.85,7.36,8.33,8.74,NA,NA,NA,NA,12,NA,NA,NA,NA,12.4,12.6,NA
"USA",NA,NA,NA,NA,NA,NA,NA,NA,NA,NA,NA,NA,NA,NA,NA,22.1,20.9,20.5,19.7,19.8,19.8,19.9,NA,NA
"St. Vincent and the Grenadines",NA,NA,NA,13.7,NA,21.6,NA,NA,19.7,NA,15.8,NA,20.1,NA,17.3,15.8,17.5,NA,17.4,18.2,16.7,17.9,17.8,17.5
"Venezuela",NA,NA,NA,NA,NA,NA,NA,NA,NA,NA,NA,7.92,8.93,NA,17.6,NA,NA,NA,NA,NA,17.9,NA,NA,NA
"British Virgin Islands",NA,NA,NA,NA,NA,NA,6.04,NA,NA,8.54,8.2,8.21,7.38,NA,8.52,11.3,NA,NA,NA,NA,7.38,NA,6.25,NA
"Vietnam",NA,NA,NA,NA,NA,NA,NA,NA,NA,NA,NA,NA,NA,18,19.2,19.6,17.6,20.9,21.1,NA,NA,NA,NA,NA
"Vanuatu",NA,NA,NA,11.7,11.3,13.3,12.9,NA,NA,NA,NA,NA,NA,16.7,16.2,NA,NA,NA,NA,NA,13.5,NA,NA,NA
"Samoa",NA,NA,NA,NA,8.11,7.2,8.63,10.6,NA,NA,NA,NA,NA,NA,NA,NA,NA,NA,NA,NA,NA,8.97,NA,NA
"Yemen",NA,NA,NA,NA,NA,NA,NA,NA,NA,NA,NA,NA,NA,NA,NA,NA,18.1,NA,NA,NA,NA,NA,NA,NA
"South Africa",NA,NA,NA,NA,14.4,14,13.8,13.7,12.5,12.8,13.8,15,14.1,13.3,14.8,17.2,17.6,19,NA,17.8,NA,NA,17.6,17.9
"Zambia",NA,NA,NA,NA,NA,6.42,NA,NA,NA,8.07,4.78,NA,NA,NA,NA,NA,NA,NA,NA,NA,14.3,12.9,12.9,NA
"Zimbabwe",NA,NA,NA,NA,NA,NA,NA,NA,NA,NA,NA,NA,NA,NA,NA,NA,NA,14,14,NA,NA,NA,NA,NA
